-- phpMyAdmin SQL Dump
-- version 5.2.1
-- https://www.phpmyadmin.net/
--
-- Host: 127.0.0.1
-- Generation Time: Nov 04, 2023 at 08:37 AM
-- Server version: 10.4.28-MariaDB
-- PHP Version: 8.2.4

SET SQL_MODE = "NO_AUTO_VALUE_ON_ZERO";
START TRANSACTION;
SET time_zone = "+00:00";


/*!40101 SET @OLD_CHARACTER_SET_CLIENT=@@CHARACTER_SET_CLIENT */;
/*!40101 SET @OLD_CHARACTER_SET_RESULTS=@@CHARACTER_SET_RESULTS */;
/*!40101 SET @OLD_COLLATION_CONNECTION=@@COLLATION_CONNECTION */;
/*!40101 SET NAMES utf8mb4 */;

--
-- Database: `db_scart`
--

-- --------------------------------------------------------

--
-- Table structure for table `tbl_admin`
--

CREATE TABLE `tbl_admin` (
  `admin_id` int(11) NOT NULL,
  `admin_name` varchar(100) NOT NULL,
  `admin_email` varchar(100) NOT NULL,
  `admin_password` varchar(100) NOT NULL
) ENGINE=InnoDB DEFAULT CHARSET=utf8mb4 COLLATE=utf8mb4_general_ci;

--
-- Dumping data for table `tbl_admin`
--

INSERT INTO `tbl_admin` (`admin_id`, `admin_name`, `admin_email`, `admin_password`) VALUES
(1, 'Liya', 'liya@gmail.com', 'liya@123'),
(2, 'Vishnupriya', 'vishnupriya@gmail.com', 'vishnupriya@gmail.com');

-- --------------------------------------------------------

--
-- Table structure for table `tbl_booking`
--

CREATE TABLE `tbl_booking` (
  `booking_id` int(11) NOT NULL,
  `booking_date` varchar(100) NOT NULL DEFAULT '0',
  `booking_status` varchar(100) NOT NULL DEFAULT '0',
  `booking_amount` int(11) NOT NULL DEFAULT 0,
  `user_id` int(11) NOT NULL
) ENGINE=InnoDB DEFAULT CHARSET=utf8mb4 COLLATE=utf8mb4_general_ci;

--
-- Dumping data for table `tbl_booking`
--

INSERT INTO `tbl_booking` (`booking_id`, `booking_date`, `booking_status`, `booking_amount`, `user_id`) VALUES
(12, '2023-11-04', '2', 98, 3),
(13, '2023-11-04', '1', 249, 3),
(14, '2023-11-04', '0', 0, 3);

-- --------------------------------------------------------

--
-- Table structure for table `tbl_cart`
--

CREATE TABLE `tbl_cart` (
  `cart_id` int(11) NOT NULL,
  `cart_quantity` varchar(100) NOT NULL DEFAULT '1',
  `product_id` int(11) NOT NULL,
  `booking_id` int(11) NOT NULL,
  `cart_status` int(11) NOT NULL DEFAULT 0,
  `cart_rate` int(11) NOT NULL
) ENGINE=InnoDB DEFAULT CHARSET=utf8mb4 COLLATE=utf8mb4_general_ci;

--
-- Dumping data for table `tbl_cart`
--

INSERT INTO `tbl_cart` (`cart_id`, `cart_quantity`, `product_id`, `booking_id`, `cart_status`, `cart_rate`) VALUES
(22, '1', 1, 12, 1, 40),
(23, '1', 2, 12, 1, 58),
(24, '1', 1, 13, 1, 65),
(25, '1', 2, 13, 1, 74),
(26, '1', 3, 13, 1, 70),
(27, '1', 4, 13, 1, 40),
(28, '1', 1, 14, 0, 65),
(29, '1', 2, 14, 0, 74),
(30, '1', 3, 14, 0, 75),
(31, '1', 4, 14, 0, 45);

-- --------------------------------------------------------

--
-- Table structure for table `tbl_complaint`
--

CREATE TABLE `tbl_complaint` (
  `complaint_id` int(11) NOT NULL,
  `complainttype_id` int(11) NOT NULL,
  `complaint_content` varchar(100) NOT NULL,
  `complaint_date` varchar(100) NOT NULL,
  `complaint_reply` varchar(100) NOT NULL DEFAULT 'Not Yet Replyed',
  `user_id` int(11) NOT NULL,
  `complaint_status` int(11) NOT NULL DEFAULT 0
) ENGINE=InnoDB DEFAULT CHARSET=utf8mb4 COLLATE=utf8mb4_general_ci;

--
-- Dumping data for table `tbl_complaint`
--

INSERT INTO `tbl_complaint` (`complaint_id`, `complainttype_id`, `complaint_content`, `complaint_date`, `complaint_reply`, `user_id`, `complaint_status`) VALUES
(1, 1, 'alhdfajkhfjeka', '2023-11-03', 'sorry', 3, 1),
(2, 1, 'fcgftrygcfcgvhvygvygh', '2023-11-03', 'Not Yet Replyed', 3, 0);

-- --------------------------------------------------------

--
-- Table structure for table `tbl_complainttype`
--

CREATE TABLE `tbl_complainttype` (
  `complainttype_id` int(11) NOT NULL,
  `complainttype_name` varchar(100) NOT NULL
) ENGINE=InnoDB DEFAULT CHARSET=utf8mb4 COLLATE=utf8mb4_general_ci;

--
-- Dumping data for table `tbl_complainttype`
--

INSERT INTO `tbl_complainttype` (`complainttype_id`, `complainttype_name`) VALUES
(1, 'Network');

-- --------------------------------------------------------

--
-- Table structure for table `tbl_district`
--

CREATE TABLE `tbl_district` (
  `district_id` int(11) NOT NULL,
  `district_name` varchar(100) NOT NULL
) ENGINE=InnoDB DEFAULT CHARSET=utf8mb4 COLLATE=utf8mb4_general_ci;

--
-- Dumping data for table `tbl_district`
--

INSERT INTO `tbl_district` (`district_id`, `district_name`) VALUES
(1, 'Ernakulam'),
(2, 'Idukki');

-- --------------------------------------------------------

--
-- Table structure for table `tbl_employee`
--

CREATE TABLE `tbl_employee` (
  `employee_id` int(11) NOT NULL,
  `employee_name` varchar(100) NOT NULL,
  `employee_contact` varchar(100) NOT NULL,
  `employee_address` varchar(100) NOT NULL,
  `employee_email` varchar(100) NOT NULL,
  `place_id` int(11) NOT NULL,
  `employee_photo` varchar(100) NOT NULL,
  `employee_password` varchar(100) NOT NULL
) ENGINE=InnoDB DEFAULT CHARSET=utf8mb4 COLLATE=utf8mb4_general_ci;

--
-- Dumping data for table `tbl_employee`
--

INSERT INTO `tbl_employee` (`employee_id`, `employee_name`, `employee_contact`, `employee_address`, `employee_email`, `place_id`, `employee_photo`, `employee_password`) VALUES
(1, 'fathima', '9447167635', 'kanjirakkattumol(h)\r\niramalloor p.0', 'reshmi@gmaill.com', 1, 'photo.jpg', '123456');

-- --------------------------------------------------------

--
-- Table structure for table `tbl_feedback`
--

CREATE TABLE `tbl_feedback` (
  `feedback_id` int(11) NOT NULL,
  `feedback_content` varchar(100) NOT NULL,
  `feedback_date` varchar(100) NOT NULL
) ENGINE=InnoDB DEFAULT CHARSET=utf8mb4 COLLATE=utf8mb4_general_ci;

-- --------------------------------------------------------

--
-- Table structure for table `tbl_place`
--

CREATE TABLE `tbl_place` (
  `place_id` int(11) NOT NULL,
  `place_name` varchar(100) NOT NULL,
  `district_id` int(11) NOT NULL
) ENGINE=InnoDB DEFAULT CHARSET=utf8mb4 COLLATE=utf8mb4_general_ci;

--
-- Dumping data for table `tbl_place`
--

INSERT INTO `tbl_place` (`place_id`, `place_name`, `district_id`) VALUES
(1, 'Muvattupuzha', 1),
(2, 'Vannapuram', 2),
(3, 'tytty', 1);

-- --------------------------------------------------------

--
-- Table structure for table `tbl_product`
--

CREATE TABLE `tbl_product` (
  `product_id` int(11) NOT NULL,
  `product_name` varchar(100) NOT NULL,
  `product_photo` varchar(100) NOT NULL,
  `product_details` varchar(100) NOT NULL,
  `product_price` int(11) NOT NULL,
  `product_subsidy` int(11) NOT NULL
) ENGINE=InnoDB DEFAULT CHARSET=utf8mb4 COLLATE=utf8mb4_general_ci;

--
-- Dumping data for table `tbl_product`
--

INSERT INTO `tbl_product` (`product_id`, `product_name`, `product_photo`, `product_details`, `product_price`, `product_subsidy`) VALUES
(1, 'Dal', '30.jpg', 'sambar dal', 65, 40),
(2, 'Green Gram', 'licensed-image.jpeg', 'Mung Bean', 74, 58),
(3, 'chilly', 'chilly.jpg', 'Vattal Mulakk', 75, 70),
(4, 'sugar(s)', 'sugar.jpeg', 'white sugar', 45, 40),
(5, 'groundnut', 'MY PHOTO.jpeg', 'trfyiugu', 67, 10);

-- --------------------------------------------------------

--
-- Table structure for table `tbl_review`
--

CREATE TABLE `tbl_review` (
  `review_id` int(11) NOT NULL,
  `review_datetime` varchar(100) NOT NULL,
  `product_id` int(11) NOT NULL,
  `user_review` varchar(100) NOT NULL,
  `user_rating` varchar(100) NOT NULL,
  `user_name` varchar(100) NOT NULL
) ENGINE=InnoDB DEFAULT CHARSET=utf8mb4 COLLATE=utf8mb4_general_ci;

--
-- Dumping data for table `tbl_review`
--

INSERT INTO `tbl_review` (`review_id`, `review_datetime`, `product_id`, `user_review`, `user_rating`, `user_name`) VALUES
(1, '2023-09-06 13:23:31', 1, 'CSA', '3', 'CD');

-- --------------------------------------------------------

--
-- Table structure for table `tbl_stock`
--

CREATE TABLE `tbl_stock` (
  `stock_id` int(11) NOT NULL,
  `stock_quantity` varchar(100) NOT NULL,
  `stock_date` varchar(100) NOT NULL,
  `product_id` int(11) NOT NULL
) ENGINE=InnoDB DEFAULT CHARSET=utf8mb4 COLLATE=utf8mb4_general_ci;

--
-- Dumping data for table `tbl_stock`
--

INSERT INTO `tbl_stock` (`stock_id`, `stock_quantity`, `stock_date`, `product_id`) VALUES
(1, '16', '2023-09-06', 1),
(2, '20', '2023-09-06', 2),
(3, '15', '2023-09-06', 3),
(4, '5', '2023-11-03', 4);

-- --------------------------------------------------------

--
-- Table structure for table `tbl_user`
--

CREATE TABLE `tbl_user` (
  `user_id` int(11) NOT NULL,
  `user_name` varchar(100) NOT NULL,
  `user_contact` varchar(100) NOT NULL,
  `user_email` varchar(100) NOT NULL,
  `user_address` varchar(100) NOT NULL,
  `user_password` varchar(100) NOT NULL,
  `user_photo` varchar(100) NOT NULL,
  `place_id` int(11) NOT NULL,
  `user_ration` varchar(10) NOT NULL,
  `members_no` varchar(20) NOT NULL
) ENGINE=InnoDB DEFAULT CHARSET=utf8mb4 COLLATE=utf8mb4_general_ci;

--
-- Dumping data for table `tbl_user`
--

INSERT INTO `tbl_user` (`user_id`, `user_name`, `user_contact`, `user_email`, `user_address`, `user_password`, `user_photo`, `place_id`, `user_ration`, `members_no`) VALUES
(1, 'Nila', '7892452191', 'nila@gmail.com', 'pottackal(h)\r\nnjarakkad\r\nkadavoor p.o', 'nila@123', 'photo.jpg', 2, '', ''),
(2, 'liya', '8078047632', 'liyairfana@gmail.com', 'regugte4fygtd4\r\ngffrtguhtfrfg\r\nvggjjgt', '123456', 'aravind.jpeg', 1, '', ''),
(3, 'Rinshad', '8078047632', 'rinshad@gamil.com', 'kanjirakkattumol(H)\r\nIramalloor PO\r\nkothamangalam', '123456', '2902 sanjeev.jpg', 1, '', ''),
(4, 'hila', '9744303028', 'hila@gmail.com', 'iyiukyuygbn\r\n686671', '123456', 'MY PHOTO.jpeg', 1, '', ''),
(5, 'ameena1', '5548592618', 'am@gmail.com', 'gdfhgknobjhki,,', '45748585', 'photo.jpg', 3, '54576788', '4');

--
-- Indexes for dumped tables
--

--
-- Indexes for table `tbl_admin`
--
ALTER TABLE `tbl_admin`
  ADD PRIMARY KEY (`admin_id`);

--
-- Indexes for table `tbl_booking`
--
ALTER TABLE `tbl_booking`
  ADD PRIMARY KEY (`booking_id`);

--
-- Indexes for table `tbl_cart`
--
ALTER TABLE `tbl_cart`
  ADD PRIMARY KEY (`cart_id`);

--
-- Indexes for table `tbl_complaint`
--
ALTER TABLE `tbl_complaint`
  ADD PRIMARY KEY (`complaint_id`);

--
-- Indexes for table `tbl_complainttype`
--
ALTER TABLE `tbl_complainttype`
  ADD PRIMARY KEY (`complainttype_id`);

--
-- Indexes for table `tbl_district`
--
ALTER TABLE `tbl_district`
  ADD PRIMARY KEY (`district_id`);

--
-- Indexes for table `tbl_employee`
--
ALTER TABLE `tbl_employee`
  ADD PRIMARY KEY (`employee_id`);

--
-- Indexes for table `tbl_feedback`
--
ALTER TABLE `tbl_feedback`
  ADD PRIMARY KEY (`feedback_id`);

--
-- Indexes for table `tbl_place`
--
ALTER TABLE `tbl_place`
  ADD PRIMARY KEY (`place_id`);

--
-- Indexes for table `tbl_product`
--
ALTER TABLE `tbl_product`
  ADD PRIMARY KEY (`product_id`);

--
-- Indexes for table `tbl_review`
--
ALTER TABLE `tbl_review`
  ADD PRIMARY KEY (`review_id`);

--
-- Indexes for table `tbl_stock`
--
ALTER TABLE `tbl_stock`
  ADD PRIMARY KEY (`stock_id`);

--
-- Indexes for table `tbl_user`
--
ALTER TABLE `tbl_user`
  ADD PRIMARY KEY (`user_id`);

--
-- AUTO_INCREMENT for dumped tables
--

--
-- AUTO_INCREMENT for table `tbl_admin`
--
ALTER TABLE `tbl_admin`
  MODIFY `admin_id` int(11) NOT NULL AUTO_INCREMENT, AUTO_INCREMENT=3;

--
-- AUTO_INCREMENT for table `tbl_booking`
--
ALTER TABLE `tbl_booking`
  MODIFY `booking_id` int(11) NOT NULL AUTO_INCREMENT, AUTO_INCREMENT=15;

--
-- AUTO_INCREMENT for table `tbl_cart`
--
ALTER TABLE `tbl_cart`
  MODIFY `cart_id` int(11) NOT NULL AUTO_INCREMENT, AUTO_INCREMENT=32;

--
-- AUTO_INCREMENT for table `tbl_complaint`
--
ALTER TABLE `tbl_complaint`
  MODIFY `complaint_id` int(11) NOT NULL AUTO_INCREMENT, AUTO_INCREMENT=3;

--
-- AUTO_INCREMENT for table `tbl_complainttype`
--
ALTER TABLE `tbl_complainttype`
  MODIFY `complainttype_id` int(11) NOT NULL AUTO_INCREMENT, AUTO_INCREMENT=2;

--
-- AUTO_INCREMENT for table `tbl_district`
--
ALTER TABLE `tbl_district`
  MODIFY `district_id` int(11) NOT NULL AUTO_INCREMENT, AUTO_INCREMENT=4;

--
-- AUTO_INCREMENT for table `tbl_employee`
--
ALTER TABLE `tbl_employee`
  MODIFY `employee_id` int(11) NOT NULL AUTO_INCREMENT, AUTO_INCREMENT=2;

--
-- AUTO_INCREMENT for table `tbl_feedback`
--
ALTER TABLE `tbl_feedback`
  MODIFY `feedback_id` int(11) NOT NULL AUTO_INCREMENT;

--
-- AUTO_INCREMENT for table `tbl_place`
--
ALTER TABLE `tbl_place`
  MODIFY `place_id` int(11) NOT NULL AUTO_INCREMENT, AUTO_INCREMENT=4;

--
-- AUTO_INCREMENT for table `tbl_product`
--
ALTER TABLE `tbl_product`
  MODIFY `product_id` int(11) NOT NULL AUTO_INCREMENT, AUTO_INCREMENT=6;

--
-- AUTO_INCREMENT for table `tbl_review`
--
ALTER TABLE `tbl_review`
  MODIFY `review_id` int(11) NOT NULL AUTO_INCREMENT, AUTO_INCREMENT=2;

--
-- AUTO_INCREMENT for table `tbl_stock`
--
ALTER TABLE `tbl_stock`
  MODIFY `stock_id` int(11) NOT NULL AUTO_INCREMENT, AUTO_INCREMENT=5;

--
-- AUTO_INCREMENT for table `tbl_user`
--
ALTER TABLE `tbl_user`
  MODIFY `user_id` int(11) NOT NULL AUTO_INCREMENT, AUTO_INCREMENT=6;
COMMIT;

/*!40101 SET CHARACTER_SET_CLIENT=@OLD_CHARACTER_SET_CLIENT */;
/*!40101 SET CHARACTER_SET_RESULTS=@OLD_CHARACTER_SET_RESULTS */;
/*!40101 SET COLLATION_CONNECTION=@OLD_COLLATION_CONNECTION */;
